{"accuracy": [0.7734201550483704, 0.9151532053947449, 0.9385831356048584, 0.9527242183685303, 0.9602107405662537, 0.9708858728408813, 0.9733814001083374, 0.9783723950386047, 0.9835020303726196, 0.9832247495651245, 0.987522542476654, 0.9896020889282227, 0.987522542476654, 0.9915430545806885, 0.9919589757919312, 0.9925135374069214, 0.9929294586181641, 0.9925135374069214, 0.9962567687034607, 0.9963954091072083, 0.9969499707221985, 0.9957022070884705, 0.9961181282997131, 0.9977817535400391, 0.9981976747512817, 0.998752236366272, 0.9981976747512817, 0.9988908767700195, 0.9988908767700195], "loss": [0.5361521244049072, 0.22377246618270874, 0.1643403321504593, 0.13290902972221375, 0.10929801315069199, 0.08503443002700806, 0.07264550030231476, 0.06228741630911827, 0.04869672656059265, 0.04644196480512619, 0.03321313485503197, 0.029977375641465187, 0.03313009440898895, 0.0239468514919281, 0.022872332483530045, 0.023798873648047447, 0.01909416727721691, 0.020426807925105095, 0.011027070693671703, 0.010809985920786858, 0.009043538011610508, 0.01136924047023058, 0.010321544483304024, 0.008344000205397606, 0.005605565384030342, 0.007502863649278879, 0.00598843302577734, 0.00465569831430912, 0.003266193438321352], "val_accuracy": [0.9107142686843872, 0.9319196343421936, 0.9419642686843872, 0.9563758373260498, 0.9676339030265808, 0.9619686603546143, 0.9731543660163879, 0.9731543660163879, 0.9776286482810974, 0.9832214713096619, 0.9865771532058716, 0.9731543660163879, 0.9854586124420166, 0.9921700358390808, 0.991051435470581, 0.9888142943382263, 0.991051435470581, 0.9843400716781616, 0.991051435470581, 0.9921700358390808, 0.9899328947067261, 0.9798657894134521, 0.9865771532058716, 0.9932885766029358, 0.991051435470581, 0.991051435470581, 0.9932885766029358, 0.9921700358390808, 0.9944071769714355], "val_loss": [0.25033798813819885, 0.20209531486034393, 0.1648813933134079, 0.13008691370487213, 0.09905046224594116, 0.11189423501491547, 0.07289665937423706, 0.07034049928188324, 0.06520847231149673, 0.05150340497493744, 0.036842647939920425, 0.07802130281925201, 0.041071999818086624, 0.02545832470059395, 0.02514534257352352, 0.0355403795838356, 0.029972383752465248, 0.045670635998249054, 0.025724461302161217, 0.024388719350099564, 0.02853463776409626, 0.057156454771757126, 0.03956471383571625, 0.01981179788708687, 0.024338364601135254, 0.02450348623096943, 0.022019486874341965, 0.02334626019001007, 0.020112810656428337], "learning_rate": [9.999999747378752e-05, 9.999999747378752e-05, 9.999999747378752e-05, 9.999999747378752e-05, 9.999999747378752e-05, 9.999999747378752e-05, 9.999999747378752e-05, 9.999999747378752e-05, 9.999999747378752e-05, 9.999999747378752e-05, 9.999999747378752e-05, 9.999999747378752e-05, 9.999999747378752e-05, 9.999999747378752e-05, 9.999999747378752e-05, 9.999999747378752e-05, 9.999999747378752e-05, 9.999999747378752e-05, 4.999999873689376e-05, 4.999999873689376e-05, 4.999999873689376e-05, 4.999999873689376e-05, 4.999999873689376e-05, 2.499999936844688e-05, 2.499999936844688e-05, 2.499999936844688e-05, 2.499999936844688e-05, 1.249999968422344e-05, 1.249999968422344e-05]}